ID,PRDS1,PRDS2,PRDS3,PRDS4,PRDS5,DASS1,DASS2,DASS3,DASS4,DASS5,DASS6,DASS7,DASS8,DASS9,DASS10,DASS11,DASS12,DASS13,DASS14,DASS15,DASS16,DASS17,DASS18,DASS19,DASS20,DASS21,SCS1_PC,SCS2_PC,SCS3_PM,SCS4_PC,SCS5_PM,SCS6_PM,SCS7_PC,SCS8_PM,SCS9_PC,SCS10_PC,SCS11_PC,SCS12_PC,BPAQ1,BPAQ2,BPAQ3,BPAQ4,BPAQ5,BPAQ6,BPAQ7,BPAQ8,BPAQ9,BPAQ10,BPAQ11,BPAQ12,Income,Gender,Age,PC,PM,DASS,PRDS,BPAQ
1,6,1,6,3,4,4,4,2,2,4,4,3,3,4,3,3,4,2,3,2,3,3,3,4,3,2,6,6,3,3,6,2,5,2,2,6,3,3,2,2,1,4,4,4,5,4,4,5,5,4,7,2,42,4.25,3.25,3.095238095,4,3.666666667
2,2,5,2,3,1,2,3,1,1,2,2,1,1,1,1,1,1,1,1,1,1,1,1,1,1,1,4,5,5,6,6,6,5,5,3,4,2,2,4,3,4,4,3,4,4,2,2,3,3,3,13,2,26,3.875,5.5,1.238095238,2.6,3.25
3,2,5,2,3,3,1,1,2,1,3,4,2,2,3,4,3,2,4,3,2,3,3,4,2,2,4,4,5,3,4,6,3,3,5,2,3,5,7,1,1,2,2,2,1,4,3,2,5,3,4,3,1,58,4.125,4.25,2.619047619,3,2.5
4,1,1,2,1,2,2,1,1,1,1,1,1,1,1,1,1,2,1,2,1,1,1,1,1,2,1,2,3,5,2,6,6,2,5,2,3,3,1,1,1,1,3,1,1,1,1,1,1,1,1,16,2,42,2.25,5.5,1.19047619,1.4,1.166666667
5,3,2,5,2,4,3,1,1,1,4,2,1,3,1,2,3,4,1,4,1,2,1,4,1,1,1,3,2,7,1,7,7,3,6,3,2,1,3,1,1,1,4,3,2,4,2,2,1,1,1,10,2,28,2.25,6.75,2,3.2,1.916666667
6,5,5,4,6,6,4,4,4,1,3,1,2,3,3,4,3,4,4,1,3,4,4,1,3,1,3,1,7,2,5,5,3,7,3,3,7,6,7,1,1,1,2,1,1,1,1,1,4,4,4,3,2,34,5.375,3.25,2.857142857,5.2,1.833333333
7,3,4,3,3,3,2,1,1,1,1,1,1,1,1,1,1,2,1,1,1,1,1,1,1,1,1,6,5,4,4,6,5,5,4,6,5,4,5,1,1,1,2,1,1,1,1,1,2,3,2,9,2,67,5,4.75,1.095238095,3.2,1.416666667
8,3,3,2,3,2,3,2,3,2,3,3,1,3,2,2,3,3,2,3,1,2,1,3,1,3,2,4,3,5,2,5,6,5,5,3,3,5,3,2,1,1,4,4,4,5,4,2,2,3,4,8,2,31,3.5,5.25,2.285714286,2.6,3
9,3,4,2,3,3,1,1,1,1,2,2,1,1,1,2,1,1,2,1,1,1,1,1,1,1,1,3,5,5,3,5,5,6,5,3,5,2,3,1,1,1,2,1,1,1,1,2,2,3,2,12,2,49,3.75,5,1.19047619,3,1.5
10,4,3,4,3,4,3,3,2,3,2,3,1,2,3,2,3,4,3,3,3,2,2,2,1,2,2,2,4,4,4,4,6,5,4,4,4,5,5,1,4,1,NA,4,4,4,3,2,4,4,4,5,2,27,4.125,4.5,2.428571429,3.6,3.181818182
11,5,2,4,2,4,2,2,1,1,1,1,1,1,1,1,1,1,1,1,1,1,1,1,1,1,1,6,3,4,4,6,5,3,5,2,6,2,3,1,3,1,1,1,1,1,1,1,1,2,1,7,2,53,3.625,5,1.095238095,3.4,1.25
12,2,2,2,1,2,3,1,1,2,4,2,1,2,1,1,2,3,2,3,2,1,3,1,1,1,1,2,2,6,5,6,6,4,6,3,5,2,5,1,2,1,3,2,2,2,1,1,1,2,1,23,1,21,3.5,6,1.80952381,1.8,1.583333333
13,3,5,3,4,4,2,2,2,1,3,2,1,1,1,3,2,2,3,2,1,3,3,2,1,1,2,5,6,4,2,6,5,6,5,4,7,5,4,1,1,1,2,1,1,2,1,2,3,3,3,5,2,32,4.875,5,1.904761905,3.8,1.75
14,3,3,5,3,3,3,2,2,3,3,1,2,2,2,4,3,3,3,2,2,4,4,2,4,2,4,4,3,4,5,4,3,4,5,4,4,3,4,2,1,2,4,1,1,3,2,2,4,4,3,5,1,24,3.875,4,2.714285714,3.4,2.416666667
15,2,3,1,2,2,1,1,1,2,2,2,1,1,1,1,1,1,1,2,1,1,1,1,1,1,1,1,1,7,1,7,7,2,7,2,2,1,2,1,1,1,3,2,1,3,3,1,1,2,1,7,2,40,1.5,7,1.19047619,2,1.666666667
16,5,6,5,6,4,3,2,4,2,3,3,2,2,2,4,3,3,4,2,2,3,4,2,2,4,4,4,7,4,6,4,4,6,4,4,4,6,4,3,3,2,3,3,3,3,2,3,5,5,2,2,2,45,5.125,4,2.857142857,5.2,3.083333333
17,2,2,3,1,3,1,1,1,2,2,1,1,1,1,1,2,1,1,1,1,1,1,1,2,1,1,1,1,6,3,6,6,2,6,2,1,1,2,1,1,1,2,1,1,2,1,1,1,2,1,13,2,28,1.625,6,1.19047619,2.2,1.25
18,1,3,2,5,2,2,2,1,1,1,2,1,2,1,1,1,3,1,1,1,1,1,2,1,1,1,4,3,6,2,7,6,6,7,2,2,4,2,2,2,2,3,2,3,4,2,2,3,2,3,3,2,26,3.125,6.5,1.333333333,2.6,2.5
19,2,2,2,2,2,2,1,3,2,4,3,1,2,3,2,3,2,2,1,3,3,2,3,1,3,2,2,3,6,4,6,6,5,5,3,6,2,5,3,4,2,4,2,4,4,2,3,3,4,4,17,2,31,3.75,5.75,2.285714286,2,3.25
20,2,5,2,3,2,4,3,4,3,4,3,3,4,4,4,4,4,4,4,4,4,4,4,4,4,4,4,6,5,5,6,6,7,5,5,5,6,5,3,4,3,4,3,2,3,2,2,4,4,3,8,1,61,5.375,5.5,3.80952381,2.8,3.083333333
21,4,4,4,4,3,3,4,3,1,1,3,3,2,3,3,4,3,2,2,1,4,2,1,2,1,1,5,5,6,3,5,5,5,6,3,5,5,3,1,1,3,2,4,3,5,4,4,3,4,4,5,1,33,4.25,5.5,2.333333333,3.8,3.166666667
22,4,4,3,3,3,2,1,2,3,4,3,2,3,2,2,3,3,3,3,2,3,3,3,3,2,2,5,6,3,3,6,5,5,6,3,5,6,3,1,1,1,2,1,1,4,2,1,4,4,2,3,2,49,4.5,5,2.571428571,3.4,2
23,1,1,1,1,1,2,1,1,1,2,1,1,1,1,1,1,2,1,1,1,1,1,1,1,1,1,3,4,5,1,6,5,2,6,3,2,1,1,1,1,1,1,1,1,1,1,1,1,2,1,5,2,66,2.125,5.5,1.142857143,1,1.083333333
24,6,5,6,5,6,3,3,3,1,4,4,1,4,4,3,4,4,4,4,2,3,3,4,1,2,2,6,7,3,6,3,3,7,3,7,7,7,7,1,1,4,5,4,4,5,5,5,5,5,5,4,1,30,6.75,3,3,5.6,4.083333333
25,1,2,2,1,1,2,1,1,1,2,2,1,1,1,1,2,2,1,1,1,1,1,3,1,2,1,3,2,5,1,6,6,2,5,2,3,2,2,1,1,1,2,1,1,1,1,1,1,1,2,17,2,42,2.125,5.5,1.380952381,1.4,1.166666667
26,1,2,2,2,5,3,2,2,1,2,2,1,1,1,1,2,2,3,2,1,2,1,1,1,1,2,5,3,3,4,4,6,6,2,3,7,5,5,1,1,1,4,1,4,1,1,1,3,4,4,8,2,42,4.75,3.75,1.619047619,2.4,2.166666667
27,2,2,3,3,2,2,2,3,2,2,3,1,2,2,1,2,2,3,3,3,2,3,2,2,2,3,5,6,5,4,6,5,4,5,6,6,5,5,1,2,1,3,2,2,1,2,2,3,4,3,9,2,31,5.125,5.25,2.238095238,2.4,2.166666667
28,3,3,3,3,3,3,3,2,1,2,1,2,1,1,2,1,1,2,1,1,2,2,2,2,1,1,3,3,5,3,6,6,5,6,2,3,2,2,4,4,3,4,4,2,4,1,2,4,4,1,17,2,51,2.875,5.75,1.619047619,3,3.083333333
29,2,1,2,1,1,1,1,1,1,2,2,1,2,1,1,2,1,2,2,2,2,1,2,1,1,1,2,3,6,3,5,5,2,5,3,2,1,2,1,1,1,4,1,3,5,5,4,1,1,1,4,2,41,2.25,5.25,1.428571429,1.4,2.333333333
30,2,3,1,2,1,1,1,1,1,1,1,1,1,1,1,1,1,1,1,1,1,1,1,1,1,1,2,1,7,1,7,7,3,7,1,1,1,1,1,1,1,1,1,1,1,1,1,1,1,1,7,2,57,1.375,7,1,1.8,1
31,1,2,2,3,2,1,1,1,1,1,1,1,1,1,1,1,1,1,1,1,1,1,1,1,1,1,2,2,7,1,6,6,2,6,2,2,1,1,1,1,1,1,1,1,1,1,1,1,1,1,13,2,33,1.625,6.25,1,2,1
32,1,2,4,1,2,2,1,1,1,3,2,2,2,2,1,2,2,2,2,2,1,1,2,1,1,1,5,6,5,6,6,5,6,6,6,5,5,6,1,1,1,4,4,1,4,1,1,2,1,1,8,2,29,5.625,5.5,1.619047619,2,1.833333333
33,4,4,4,2,4,3,3,2,1,2,1,1,2,1,1,2,2,2,1,1,2,2,1,2,1,1,2,5,6,3,6,4,5,4,4,5,5,5,1,1,1,2,1,1,1,1,1,3,4,3,13,1,35,4.25,5,1.619047619,3.6,1.666666667
34,2,4,3,4,2,3,1,2,1,2,2,2,2,3,4,2,3,3,2,2,3,3,2,1,3,4,5,6,4,5,6,5,6,5,4,6,6,6,1,1,1,2,1,1,1,2,2,4,4,4,2,1,49,5.5,5,2.380952381,3,2
35,2,2,2,2,2,2,2,2,1,2,2,1,2,1,1,2,1,2,2,2,2,2,2,1,2,1,3,3,4,3,5,5,4,5,4,3,3,3,1,2,1,2,2,1,2,1,1,2,1,1,13,2,58,3.25,4.75,1.666666667,2,1.416666667
36,1,3,1,4,4,2,1,1,1,2,2,1,1,1,1,2,2,1,1,1,1,1,2,1,1,1,2,2,5,1,6,6,5,5,2,3,2,3,1,2,1,2,1,1,1,1,1,1,2,1,16,2,26,2.5,5.5,1.285714286,2.6,1.25
37,3,3,4,4,4,2,2,1,1,2,2,1,2,2,1,2,2,1,1,1,1,1,2,1,1,1,6,3,5,3,6,5,4,5,3,5,5,4,2,1,1,2,2,2,2,2,2,3,2,3,7,2,24,4.125,5.25,1.428571429,3.6,2
38,4,4,3,4,4,4,4,2,1,2,4,1,1,3,1,1,3,2,1,3,1,1,1,1,1,1,5,5,3,4,4,4,5,3,5,5,5,5,1,1,1,3,2,2,3,1,2,4,4,2,9,2,53,4.875,3.5,1.857142857,3.8,2.166666667
39,2,3,1,1,2,3,1,2,3,3,3,1,2,2,2,3,3,3,2,2,2,2,3,1,1,2,2,5,6,1,6,6,5,6,2,3,5,2,4,4,2,4,2,2,4,2,2,4,2,4,3,1,39,3.125,6,2.19047619,1.8,3
40,2,2,2,2,3,2,1,3,1,2,3,2,2,2,3,3,2,3,2,4,3,4,4,1,3,4,5,5,3,4,5,3,4,5,4,5,3,4,1,2,1,2,2,1,1,2,3,3,2,5,8,2,52,4.25,4,2.571428571,2.2,2.083333333
41,2,2,4,3,3,4,1,1,2,3,3,4,4,4,2,2,3,3,1,2,2,2,2,2,3,1,1,1,7,1,6,7,2,6,1,2,1,1,2,4,2,5,4,4,4,5,5,3,3,2,18,2,26,1.25,6.5,2.428571429,2.8,3.583333333
42,2,3,4,4,3,3,1,2,1,2,2,3,3,3,2,2,2,2,1,1,1,2,2,2,2,2,3,5,4,4,5,5,3,3,3,4,4,4,1,1,1,3,1,1,1,1,1,1,1,1,5,2,36,3.75,4.25,1.952380952,3.2,1.166666667
43,1,1,1,2,1,1,2,2,1,2,1,1,1,1,1,1,1,2,1,1,2,1,1,1,1,1,2,1,6,1,6,5,2,6,2,1,1,1,1,1,1,1,1,1,1,1,1,1,1,1,12,2,45,1.375,5.75,1.238095238,1.2,1
44,1,6,3,3,2,1,1,1,1,2,1,1,1,1,1,2,2,2,2,1,2,1,2,1,1,1,4,6,4,2,4,5,2,3,5,4,3,3,1,1,1,1,1,1,1,1,1,1,1,1,9,2,33,3.625,4,1.333333333,3,1
45,1,3,1,3,1,2,1,1,1,1,1,1,1,1,1,2,2,1,1,1,1,1,1,1,1,1,4,2,5,3,3,5,4,5,5,3,4,5,1,1,1,1,1,1,1,1,1,1,1,3,9,2,32,3.75,4.5,1.142857143,1.8,1.166666667
46,1,2,1,1,1,4,3,2,1,2,2,1,3,4,1,4,4,3,3,2,1,4,3,1,2,1,1,2,6,2,6,7,5,6,3,2,6,3,1,1,1,1,1,1,1,1,1,2,3,3,18,2,41,3,6.25,2.428571429,1.2,1.416666667
47,2,3,1,3,2,2,2,1,1,2,1,1,1,1,1,2,2,2,1,1,1,1,1,1,1,1,3,2,5,2,6,6,4,5,3,2,2,3,1,1,1,2,1,1,1,1,1,1,2,2,6,2,36,2.625,5.5,1.285714286,2.2,1.25
48,4,5,2,5,4,4,2,2,4,3,3,3,3,3,2,4,3,3,3,3,2,2,3,3,3,2,5,6,5,3,5,5,6,6,6,3,4,3,4,1,1,5,4,4,2,4,5,2,2,2,4,2,24,4.5,5.25,2.857142857,4,3
49,1,5,1,3,1,2,1,1,1,1,1,1,1,1,1,1,1,1,1,1,1,1,1,1,1,1,2,6,7,2,5,7,5,6,4,5,5,2,1,1,1,2,1,1,2,1,1,1,3,1,12,2,54,3.875,6.25,1.047619048,2.2,1.333333333
50,2,3,1,3,1,2,1,1,1,1,1,1,1,1,1,1,1,1,1,1,1,1,1,1,1,1,4,1,6,1,6,6,5,6,3,5,1,4,1,1,1,1,1,1,1,1,1,1,1,1,7,2,32,3,6,1.047619048,2,1
51,2,3,2,3,4,1,1,1,1,3,2,1,1,1,1,2,1,2,3,3,2,3,2,1,1,1,2,2,2,3,3,2,3,3,4,3,2,3,1,1,1,2,1,2,4,3,1,1,2,2,16,1,56,2.75,2.5,1.619047619,2.8,1.75
52,1,3,1,2,1,1,1,1,1,2,1,1,1,1,1,1,1,1,1,1,1,1,1,1,1,1,1,1,6,2,7,6,2,5,1,1,1,2,1,1,1,1,1,1,1,1,1,1,1,1,12,1,32,1.375,6,1.047619048,1.6,1
53,2,3,4,3,3,3,3,2,1,2,2,1,3,2,2,2,3,2,2,1,2,1,3,2,1,1,2,2,5,1,7,5,5,5,2,2,3,2,2,2,1,2,2,1,1,1,1,2,2,3,7,2,57,2.375,5.5,1.952380952,3,1.666666667
54,3,2,4,3,2,3,1,1,1,2,1,1,1,2,1,1,3,1,2,2,1,1,1,1,2,1,5,4,4,3,5,5,5,5,6,2,5,4,1,1,1,3,2,3,2,2,1,3,2,4,18,3,34,4.25,4.75,1.428571429,2.8,2.083333333
55,3,3,4,3,4,2,3,2,2,3,3,2,2,4,2,2,3,2,2,3,2,2,2,2,3,2,5,5,5,3,5,3,5,2,3,5,5,3,1,1,2,3,2,2,2,3,1,4,4,2,13,2,55,4.25,3.75,2.380952381,3.4,2.25
56,1,2,2,2,1,1,1,1,1,1,2,1,2,2,1,2,2,1,1,1,1,1,2,1,1,1,5,2,5,3,6,6,5,6,2,2,2,5,1,1,2,3,4,2,4,2,2,1,2,4,9,2,30,3.25,5.75,1.285714286,1.6,2.333333333
57,2,3,2,2,1,1,1,1,1,2,1,1,1,1,1,1,1,1,1,1,1,1,2,1,1,1,2,3,5,4,6,6,3,6,5,5,5,3,1,1,1,2,2,1,1,1,1,2,4,1,12,1,31,3.75,5.75,1.095238095,2,1.5
58,2,2,4,2,2,2,4,2,2,1,2,2,2,2,2,3,3,3,2,2,2,2,3,2,2,1,3,5,6,5,7,7,5,5,3,3,5,3,2,2,2,4,2,4,3,2,2,1,2,4,9,2,24,4,6.25,2.19047619,2.4,2.5
59,2,3,2,3,2,3,1,1,1,1,1,1,1,2,1,1,1,1,1,1,1,1,1,1,1,1,6,5,6,1,6,7,5,6,3,5,6,5,1,1,1,2,2,1,4,2,2,4,4,1,5,1,46,4.5,6.25,1.142857143,2.4,2.083333333
60,1,2,1,2,1,1,2,1,1,1,2,1,1,1,1,1,1,1,1,1,1,1,1,1,1,1,1,1,6,1,7,6,1,6,1,1,1,1,1,1,1,2,2,1,2,1,1,1,1,1,17,2,33,1,6.25,1.095238095,1.4,1.25
61,1,2,1,2,1,1,1,1,1,1,1,1,1,1,1,1,1,1,1,1,1,1,1,1,1,1,2,2,6,2,6,6,2,6,2,2,5,2,1,1,1,1,1,1,1,1,1,1,1,1,10,2,51,2.375,6,1,1.4,1
62,3,4,4,4,4,2,2,2,1,3,1,1,1,2,2,2,2,2,3,1,2,2,2,2,2,2,5,5,3,3,6,5,4,2,5,5,4,4,2,1,2,4,2,3,3,3,2,2,4,2,8,2,43,4.375,4,1.857142857,3.8,2.5
63,1,3,1,5,1,2,1,1,1,1,2,2,1,3,1,1,1,3,1,1,1,2,2,1,1,2,1,2,6,4,6,6,4,4,1,2,2,2,1,1,1,1,1,1,1,1,1,1,1,3,8,2,38,2.25,5.5,1.476190476,2.2,1.166666667
64,2,2,2,2,1,1,1,2,1,2,1,1,1,1,1,1,2,2,1,1,1,1,1,1,1,1,5,2,4,3,6,5,5,5,3,3,3,2,1,1,1,1,1,1,1,1,1,1,1,1,15,2,59,3.25,5,1.19047619,1.8,1
65,1,3,2,3,2,1,1,1,1,1,2,1,1,2,1,1,1,2,1,1,1,1,1,1,1,1,3,1,2,5,6,5,7,3,6,2,5,5,1,1,1,4,1,1,5,1,1,4,4,2,4,1,45,4.25,4,1.142857143,2.2,2.166666667
66,5,2,6,5,4,2,1,1,1,2,2,3,3,3,1,2,2,1,1,1,1,1,1,1,1,1,2,3,7,5,7,7,6,5,6,2,5,2,1,1,1,2,1,1,2,1,1,4,4,4,6,2,26,3.875,6.5,1.523809524,4.4,1.916666667
67,3,3,3,3,3,2,2,1,1,3,2,1,1,1,1,2,2,2,1,1,1,1,2,1,2,1,3,3,2,2,6,5,5,5,2,4,3,3,1,1,1,3,1,1,1,1,1,2,2,2,7,2,35,3.125,4.5,1.476190476,3,1.416666667
68,2,5,5,4,4,4,4,4,4,4,4,4,4,4,4,4,4,4,4,3,4,4,4,4,3,1,5,7,3,3,6,4,3,6,6,7,4,5,1,1,1,1,1,1,1,1,1,1,1,1,13,2,26,5,4.75,3.761904762,4,1
69,4,5,4,4,4,3,2,3,3,2,3,2,3,3,3,2,3,4,2,2,3,3,3,3,2,3,6,6,3,2,6,5,6,6,3,6,6,3,1,1,1,4,4,4,5,4,4,5,4,4,3,1,52,4.75,5,2.714285714,4.2,3.416666667
70,2,3,2,3,2,4,3,3,1,3,4,2,3,4,3,4,4,3,1,2,4,4,4,1,3,3,5,6,2,3,5,5,5,5,3,5,7,3,1,1,1,2,1,1,1,2,2,2,1,4,19,2,59,4.625,4.25,3,2.4,1.583333333
71,4,5,5,5,5,2,1,3,1,2,1,1,2,1,2,1,2,2,1,1,3,2,1,2,1,3,3,3,5,2,6,6,6,5,4,3,4,3,2,2,1,3,2,2,2,1,1,4,3,4,9,1,53,3.5,5.5,1.666666667,4.8,2.25
72,4,5,4,5,4,3,4,2,2,3,2,1,4,3,3,2,4,3,2,2,3,3,3,2,2,3,3,3,3,4,5,3,6,4,4,5,5,5,1,1,2,2,2,2,3,4,4,3,3,4,7,2,29,4.375,3.75,2.666666667,4.4,2.583333333
73,6,6,5,1,6,4,2,3,1,3,3,1,3,3,3,3,4,3,2,3,3,4,2,2,1,3,5,5,4,3,6,5,6,5,3,6,6,5,2,2,1,2,2,1,1,2,2,3,3,4,5,1,41,4.875,5,2.666666667,4.8,2.083333333
74,2,4,2,4,2,2,1,1,1,2,2,1,1,1,1,1,2,1,1,1,1,1,2,1,1,1,1,2,6,2,6,5,3,6,2,1,2,2,1,1,1,2,2,2,4,2,2,2,1,1,8,2,47,1.875,5.75,1.238095238,2.8,1.75
75,1,2,1,2,1,3,1,1,1,2,3,1,3,2,2,3,4,2,1,1,1,1,3,2,2,2,3,3,6,2,6,6,3,6,2,1,2,2,1,1,1,1,2,1,2,1,1,1,1,1,18,2,40,2.25,6,1.952380952,1.4,1.166666667
76,1,1,1,2,1,1,1,2,1,2,1,1,1,1,1,1,1,1,2,1,1,1,2,1,1,1,3,2,6,1,5,7,5,5,4,5,1,3,1,1,1,2,3,3,1,1,1,1,1,4,15,2,56,3,5.75,1.19047619,1.2,1.666666667
77,3,5,2,3,4,2,2,1,1,3,2,1,3,3,1,3,2,2,3,3,1,2,3,3,2,1,2,5,6,2,6,5,5,6,2,2,2,2,1,1,1,4,2,2,2,2,2,2,2,3,7,2,44,2.75,5.75,2.095238095,3.4,2
78,1,2,3,2,2,2,2,1,2,2,2,2,2,1,1,2,2,2,2,1,2,2,2,2,2,1,5,1,6,3,6,6,3,7,2,3,1,2,2,4,2,3,2,3,2,2,1,1,3,1,16,2,59,2.5,6.25,1.761904762,2,2.166666667
79,2,3,2,3,2,2,2,3,2,3,2,1,2,3,2,2,2,3,1,2,3,3,2,2,2,2,2,5,6,2,6,5,5,6,2,2,5,2,1,1,1,1,1,1,1,1,1,1,2,2,8,2,34,3.125,5.75,2.19047619,2.4,1.166666667
80,2,3,3,4,4,1,1,1,1,1,3,1,2,1,1,3,2,3,1,1,2,1,1,1,1,1,1,1,7,1,7,7,5,7,1,1,1,1,1,1,1,4,2,1,4,1,1,3,1,3,4,2,37,1.5,7,1.428571429,3.2,1.916666667
81,4,3,6,3,5,1,2,4,1,3,2,1,1,1,4,2,1,2,1,1,4,3,2,1,1,4,5,6,2,5,5,5,5,4,3,6,6,5,2,2,1,3,2,1,2,2,2,5,5,4,14,1,40,5.125,4,2,4.2,2.583333333
82,2,3,2,3,2,3,2,2,1,1,1,1,1,1,2,2,3,2,2,1,1,2,1,1,1,1,1,1,4,2,7,5,2,7,2,2,3,3,2,2,2,3,2,2,3,2,2,2,2,2,11,1,43,2,5.75,1.523809524,2.4,2.166666667
83,4,5,4,4,4,1,1,2,1,3,1,2,2,1,3,1,1,3,2,2,2,3,1,2,2,2,2,6,5,1,6,2,5,6,2,5,6,3,1,1,1,2,2,1,1,1,1,4,2,5,6,2,29,3.75,4.75,1.80952381,4.2,1.833333333
84,4,4,4,3,3,2,1,2,1,1,2,1,1,2,2,2,2,3,3,2,2,2,2,2,1,2,6,5,3,6,3,5,5,3,3,7,7,6,1,1,1,NA,1,1,2,2,1,2,4,4,4,2,68,5.625,3.5,1.80952381,3.6,1.818181818
85,1,2,2,5,1,3,1,1,1,2,1,1,1,1,1,1,2,1,1,2,1,1,1,1,1,1,1,2,5,1,6,7,5,5,2,3,1,2,1,1,1,2,1,1,1,1,1,1,1,1,9,2,27,2.125,5.75,1.238095238,2.2,1.083333333
86,3,3,6,5,3,3,1,3,1,2,2,1,3,3,2,3,3,4,2,3,3,1,3,1,1,2,2,2,6,3,6,6,5,5,2,2,6,2,1,1,1,4,2,2,2,2,2,3,2,2,7,2,31,3,5.75,2.238095238,4,2
87,2,3,3,3,3,3,3,2,1,2,3,2,3,3,2,3,3,2,3,2,3,2,3,2,2,2,4,5,5,3,5,5,3,5,2,4,3,2,2,2,2,2,2,2,3,2,2,4,2,2,13,2,44,3.25,5,2.428571429,2.8,2.25
88,2,2,2,2,2,1,1,1,1,1,1,1,1,1,1,1,1,1,1,1,1,1,1,1,1,1,2,5,5,2,5,4,3,6,5,2,2,2,1,2,2,2,2,2,1,1,1,1,1,1,14,1,34,2.875,5,1,2,1.416666667
89,2,3,1,2,1,2,2,1,1,2,2,1,1,1,1,2,2,1,2,1,1,1,2,1,1,1,2,5,5,1,7,6,5,5,3,3,2,3,1,1,1,1,1,1,2,2,1,2,3,3,7,2,30,3,5.75,1.380952381,1.8,1.583333333
90,1,2,1,2,1,1,1,1,1,1,1,1,1,1,1,1,1,1,1,1,1,1,1,1,1,1,1,1,5,1,6,6,1,1,1,1,1,1,1,1,1,1,1,1,1,1,1,1,1,1,19,2,29,1,4.5,1,1.4,1
91,4,5,3,5,4,3,2,3,1,3,2,1,2,3,3,3,3,4,3,1,3,4,2,1,2,3,6,6,3,4,5,2,5,5,5,4,5,4,1,1,1,2,2,1,2,1,2,3,4,3,4,1,42,4.875,3.75,2.476190476,4.2,1.916666667
92,4,4,5,4,4,3,2,2,3,4,4,1,3,4,3,3,3,3,4,3,2,2,3,3,2,2,3,5,5,5,4,5,5,4,4,5,4,5,2,3,4,4,4,2,2,2,2,3,3,2,11,1,38,4.5,4.5,2.80952381,4.2,2.75
93,3,4,2,5,2,2,2,2,1,2,1,1,1,1,1,1,2,2,2,1,2,1,2,1,1,1,4,2,6,1,7,7,5,6,3,3,3,3,3,1,1,3,3,2,1,1,2,3,2,1,1,2,48,3,6.5,1.428571429,3.2,1.916666667
94,1,1,1,1,1,2,1,1,1,1,1,1,2,1,1,1,2,1,1,1,1,1,2,1,1,1,1,1,7,1,7,7,2,7,1,1,1,1,1,2,1,4,2,2,4,3,1,1,1,1,17,2,46,1.125,7,1.19047619,1,1.916666667
95,2,2,2,2,2,3,3,3,2,3,3,1,1,2,1,2,4,3,3,1,2,2,3,1,2,1,4,2,6,2,6,6,2,6,2,2,2,2,4,4,4,4,4,4,2,4,3,2,2,2,11,1,35,2.25,6,2.19047619,2,3.25
96,1,2,4,2,1,4,4,1,1,3,1,1,2,1,1,1,3,1,1,1,1,1,1,1,1,1,2,1,6,2,7,6,1,6,2,2,1,1,1,1,1,2,1,1,3,3,1,1,1,1,17,2,51,1.5,6.25,1.523809524,2,1.416666667
97,2,3,2,2,1,2,1,1,1,1,1,1,1,1,1,1,2,2,1,1,1,1,1,1,1,1,2,1,4,2,7,5,4,5,2,2,2,4,2,1,1,3,3,3,1,1,1,2,3,1,13,2,43,2.375,5.25,1.142857143,2,1.833333333
98,3,5,2,4,2,1,1,2,1,1,2,1,2,2,1,1,2,1,1,1,2,1,1,1,1,1,2,2,5,1,6,5,3,6,3,3,3,2,1,1,1,2,2,2,2,1,1,2,3,2,4,1,41,2.375,5.5,1.285714286,3.2,1.666666667
99,2,3,3,3,4,2,1,2,1,3,2,1,2,2,2,3,2,2,2,3,2,2,2,1,2,1,3,5,4,3,5,5,3,4,3,3,5,3,1,1,2,2,2,1,3,2,2,2,2,2,16,1,39,3.5,4.5,1.904761905,3,1.833333333
100,4,4,4,4,4,3,2,2,1,2,1,1,1,1,2,2,2,2,2,1,1,1,1,1,1,1,1,2,6,2,5,5,5,5,2,3,5,4,1,1,1,3,3,1,2,1,1,3,4,3,6,2,56,3,5.25,1.476190476,4,2
101,3,4,4,4,3,2,4,2,1,2,2,3,2,3,1,1,1,1,1,1,1,1,2,1,1,1,4,3,7,4,6,4,4,4,3,4,2,2,3,3,1,3,3,3,3,3,1,2,3,1,16,1,22,3.25,5.25,1.619047619,3.6,2.416666667
102,4,4,5,4,5,3,2,2,1,2,3,1,2,3,2,2,2,2,2,1,2,2,2,1,2,2,5,6,5,5,5,5,6,5,5,3,5,5,1,1,1,3,1,1,1,1,1,4,4,5,8,1,28,5,5,1.952380952,4.4,2
103,4,3,3,3,3,2,2,2,2,2,2,2,2,2,2,2,2,2,2,2,2,2,2,2,2,2,3,3,5,5,5,5,5,4,4,5,4,5,1,1,1,1,1,1,1,1,1,1,1,1,10,2,40,4.25,4.75,2,3.2,1
104,2,3,4,3,5,2,4,1,2,3,1,1,1,1,2,3,3,2,1,1,2,1,1,1,1,2,3,6,5,2,6,5,2,6,1,2,1,1,NA,1,1,3,2,4,2,1,1,1,1,2,10,1,25,2.25,5.5,1.714285714,3.4,1.727272727
105,2,2,4,3,2,2,2,1,1,3,2,1,3,2,1,3,4,2,2,1,2,1,2,2,1,1,6,5,3,2,6,4,5,5,6,4,6,3,2,4,2,4,4,3,2,2,2,1,2,2,11,1,36,4.625,4.5,1.857142857,2.6,2.5
106,5,4,5,4,5,2,1,1,1,2,2,1,2,1,1,1,2,1,2,1,1,1,2,2,1,1,3,3,3,3,5,5,6,5,3,4,3,5,4,5,3,5,3,2,4,2,2,2,4,3,22,1,64,3.75,4.5,1.380952381,4.6,3.25
107,5,5,2,5,5,4,1,3,1,4,4,2,3,4,3,3,4,4,3,2,3,2,3,2,2,2,5,6,3,4,4,3,4,4,4,4,5,5,4,4,5,4,5,4,2,5,5,4,4,5,9,1,46,4.625,3.5,2.80952381,4.4,4.25
108,2,3,2,3,2,2,4,1,2,2,2,3,3,3,2,2,2,2,1,3,1,2,3,2,3,2,3,5,5,2,6,5,5,5,3,3,4,2,3,1,1,2,3,2,2,2,2,2,2,2,3,2,23,3.375,5.25,2.238095238,2.4,2
109,4,4,5,4,5,2,1,1,1,2,1,1,1,1,1,1,2,1,1,1,2,1,2,1,1,1,5,6,4,5,5,5,4,5,4,5,5,5,1,1,1,2,1,1,1,1,1,3,4,3,8,1,42,4.875,4.75,1.238095238,4.4,1.666666667
110,3,1,1,1,1,2,1,1,1,1,1,1,1,1,1,1,1,1,1,1,1,1,1,1,1,1,3,1,3,1,6,5,1,7,1,2,1,1,1,1,1,2,1,1,2,1,1,1,1,1,17,2,35,1.375,5.25,1.047619048,1.4,1.166666667
111,3,2,4,2,5,3,1,2,3,2,3,2,2,3,2,2,2,3,3,2,2,3,2,1,2,1,5,5,3,3,6,3,5,3,5,5,5,5,3,3,2,2,2,3,4,2,2,2,4,2,17,2,29,4.75,3.75,2.19047619,3.2,2.583333333
112,3,3,2,2,2,2,1,2,1,3,2,1,1,1,2,1,2,2,1,1,1,1,3,1,1,1,6,5,2,1,6,5,3,5,2,4,1,1,1,1,1,2,2,1,2,2,1,1,3,1,8,2,52,2.875,4.5,1.476190476,2.4,1.5
113,2,4,3,4,3,2,1,1,1,1,1,1,1,1,1,1,2,1,1,1,1,1,2,1,1,1,4,4,5,3,3,4,3,4,3,3,2,2,3,3,2,3,2,2,2,2,2,2,2,2,5,1,32,3,4,1.142857143,3.2,2.25
114,5,5,4,4,4,3,4,2,3,3,3,3,3,4,3,3,3,4,4,2,3,3,4,3,3,3,5,6,4,5,5,3,6,4,2,6,6,5,3,4,2,3,2,2,2,4,4,4,4,5,9,1,34,5.125,4,3.142857143,4.4,3.25
115,2,3,1,3,3,3,3,4,4,4,3,2,3,3,3,4,4,4,3,4,3,4,3,4,3,3,5,6,4,5,4,5,7,2,3,5,6,5,1,1,1,4,5,3,2,1,1,2,4,4,5,2,33,5.25,3.75,3.380952381,2.4,2.416666667
116,2,2,2,2,2,2,1,2,3,2,1,2,1,1,2,1,3,3,1,3,2,1,2,3,1,1,3,2,5,3,5,6,5,5,2,2,5,5,1,2,1,2,1,2,2,1,1,3,4,1,13,2,62,3.375,5.25,1.80952381,2,1.75
117,2,3,3,2,3,2,1,1,1,2,2,1,1,1,1,1,1,1,1,1,1,1,2,1,1,1,3,5,6,3,6,6,5,6,3,4,5,4,4,4,3,3,3,3,2,3,4,3,4,4,23,2,30,4,6,1.19047619,2.6,3.333333333
118,2,2,3,2,2,3,1,2,1,2,3,1,2,1,2,2,2,2,2,2,2,1,3,1,2,2,3,5,6,2,5,6,5,6,3,4,5,3,1,1,1,4,4,4,4,4,2,1,4,2,14,2,36,3.75,5.75,1.857142857,2.2,2.666666667
119,5,2,6,1,5,4,3,3,4,3,4,1,2,2,3,3,4,3,1,2,2,2,1,4,3,1,5,4,5,3,6,4,6,2,3,7,4,5,1,2,1,3,3,2,3,4,2,1,4,4,7,2,53,4.625,4.25,2.619047619,3.8,2.5
120,1,2,2,2,2,2,1,1,1,2,1,1,1,1,1,2,2,1,1,1,1,1,2,1,1,1,2,1,7,1,7,7,3,6,1,3,2,1,1,1,1,4,3,3,3,2,1,1,1,1,21,2,31,1.75,6.75,1.238095238,1.8,1.833333333
121,2,2,2,2,2,1,1,1,1,1,1,1,1,1,1,1,1,1,2,1,1,1,1,1,1,1,1,2,6,2,6,6,5,6,2,2,2,2,1,1,1,4,3,2,4,2,4,2,2,2,16,1,53,2.25,6,1.047619048,2,2.333333333
122,1,1,1,1,1,1,1,1,2,2,3,2,1,3,1,2,3,1,1,3,1,1,2,4,1,1,2,4,3,1,5,4,5,5,3,5,1,3,1,1,1,4,3,4,5,3,4,2,4,5,16,2,43,3,4.25,1.761904762,1,3.083333333
123,2,1,1,1,1,1,2,1,1,1,1,1,1,1,1,1,1,1,1,1,1,1,1,1,1,1,2,1,7,1,6,7,5,6,2,5,2,2,2,1,3,1,1,2,2,1,1,1,3,1,20,1,34,2.5,6.5,1.047619048,1.2,1.583333333
124,2,2,1,3,2,3,4,1,2,1,1,1,2,2,1,2,3,2,2,2,1,1,2,3,1,1,2,3,6,2,5,6,5,3,3,3,3,3,1,1,1,1,1,1,1,1,1,1,1,1,16,2,42,3,5,1.80952381,2,1
125,1,2,2,2,1,1,2,1,1,2,2,1,1,3,1,1,1,1,2,1,1,1,1,1,1,1,3,2,5,2,6,5,2,6,2,2,1,1,1,1,1,1,1,1,2,1,1,1,1,1,12,1,32,1.875,5.5,1.285714286,1.6,1.083333333
126,2,3,1,5,1,3,1,2,2,1,1,1,1,1,1,1,3,1,2,1,2,1,1,1,1,1,5,2,3,2,6,5,2,6,2,2,2,2,1,2,1,1,1,1,1,1,1,1,3,1,2,1,54,2.375,5,1.380952381,2.4,1.25
127,1,4,2,3,1,1,3,1,1,2,1,1,1,1,1,2,1,2,1,1,2,1,1,3,1,1,2,2,6,1,6,6,3,6,2,2,1,3,5,5,5,5,1,4,3,1,1,2,4,4,17,1,59,2,6,1.380952381,2.2,3.333333333
128,3,4,4,3,4,4,1,2,1,2,1,1,2,1,3,1,2,2,1,1,1,1,1,1,1,1,3,7,3,5,5,5,7,4,5,5,5,5,1,1,1,2,1,1,1,1,1,2,2,2,7,2,36,5.25,4.25,1.476190476,3.6,1.333333333
129,3,4,2,4,3,1,1,1,1,2,1,1,1,1,1,1,1,1,2,1,1,1,1,1,1,1,2,3,3,3,5,5,5,5,3,3,5,3,1,1,1,3,3,2,2,1,2,2,2,1,10,1,38,3.375,4.5,1.095238095,3.2,1.75
130,4,3,5,3,3,2,1,2,1,4,3,1,1,2,2,2,2,2,1,1,1,3,3,1,2,2,5,5,6,2,7,6,3,5,3,5,5,3,4,4,3,4,2,4,5,3,3,3,4,2,1,2,22,3.875,6,1.857142857,3.6,3.416666667
131,3,2,2,2,3,3,3,2,1,4,3,2,4,4,1,2,3,4,3,3,2,3,3,1,2,1,5,6,3,5,6,3,6,5,5,6,6,6,2,1,1,2,1,1,1,1,1,4,3,3,16,2,36,5.625,4.25,2.571428571,2.4,1.75
132,4,4,3,3,5,2,1,1,2,2,2,1,2,1,1,2,1,2,1,1,1,1,1,2,1,2,2,5,6,5,5,5,6,5,6,3,7,3,2,1,2,4,1,1,4,2,2,4,4,3,5,1,32,4.625,5.25,1.428571429,3.8,2.5
133,2,4,2,4,1,3,1,2,1,1,2,2,3,1,3,2,2,2,1,2,2,2,2,1,1,1,4,5,4,2,3,6,5,3,6,6,5,5,1,1,1,2,1,1,2,1,1,3,3,1,3,2,63,4.75,4,1.761904762,2.6,1.5
134,3,4,3,3,3,4,1,3,1,2,1,1,1,1,2,1,4,2,2,1,2,2,1,1,1,2,6,5,6,2,7,6,5,6,3,6,6,5,1,1,1,4,1,1,1,1,1,2,3,1,6,2,54,4.75,6.25,1.714285714,3.2,1.5
135,3,3,4,4,4,3,1,2,1,2,3,2,2,3,2,2,2,2,2,2,2,2,2,2,1,1,3,5,5,3,6,5,5,5,3,5,3,3,1,2,1,1,1,1,1,1,1,1,1,1,5,2,33,3.75,5.25,1.952380952,3.6,1.083333333
136,5,2,3,2,4,3,1,1,1,2,2,1,2,1,1,2,2,2,1,1,2,1,2,2,1,2,5,5,6,3,5,5,5,4,3,5,3,5,2,2,1,3,3,2,2,1,2,3,2,2,10,1,39,4.25,5,1.571428571,3.2,2.083333333
137,1,6,1,6,1,1,1,1,1,1,1,1,1,1,1,1,1,1,1,1,1,1,1,1,1,1,4,4,5,3,5,5,2,5,4,3,3,3,1,1,1,1,1,1,1,1,1,1,1,1,11,2,40,3.25,5,1,3,1
138,3,2,4,3,3,3,1,1,1,3,2,1,3,2,1,2,3,1,3,1,1,1,3,3,2,1,2,2,5,3,5,6,6,3,5,5,5,3,1,1,1,3,1,1,1,2,2,4,3,3,12,2,44,3.875,4.75,1.857142857,3,1.916666667
139,2,3,4,3,3,2,3,2,2,2,2,2,3,3,2,2,2,2,2,1,2,2,2,2,1,2,4,4,5,3,7,5,5,4,3,5,3,4,1,1,1,1,1,1,1,1,1,1,1,1,11,2,28,3.875,5.25,2.047619048,3,1
140,3,3,3,3,3,2,1,2,1,3,1,1,1,2,2,2,2,2,2,1,2,1,2,1,1,1,2,3,5,2,6,5,5,5,2,4,5,3,4,4,3,4,3,4,3,4,3,4,4,3,10,1,46,3.25,5.25,1.571428571,3,3.583333333
141,2,2,4,3,4,4,3,2,2,3,2,2,3,3,2,2,4,2,1,2,2,2,2,3,3,1,3,2,6,1,7,6,5,5,2,5,1,1,2,4,4,2,4,5,4,2,4,3,1,1,3,2,26,2.5,6,2.380952381,3,3
142,2,3,1,2,2,2,3,2,1,2,2,1,3,2,2,2,2,2,2,1,2,2,2,3,1,2,7,6,5,5,5,6,5,5,5,7,6,5,1,1,1,2,2,1,1,1,1,2,4,3,6,2,62,5.75,5.25,1.952380952,2,1.666666667
143,2,3,3,4,3,2,2,1,1,2,1,1,1,1,1,2,1,1,3,1,1,1,3,1,1,1,1,1,7,2,6,6,4,6,2,2,2,2,3,1,1,3,3,2,4,3,4,2,2,3,9,2,34,2,6.25,1.380952381,3,2.583333333
144,1,6,1,4,1,1,1,2,1,2,1,1,1,2,2,1,1,2,1,1,2,1,2,1,1,1,3,5,5,1,7,6,2,6,2,5,1,2,1,1,1,4,4,3,4,2,2,1,3,2,7,1,42,2.625,6,1.333333333,2.6,2.333333333
145,1,3,1,3,1,1,1,1,1,3,1,1,1,1,1,1,1,2,1,1,1,1,1,1,1,1,1,5,5,6,6,4,7,7,2,4,4,4,3,1,1,1,1,1,1,1,1,1,1,1,1,2,51,4.125,5.5,1.142857143,1.8,1.166666667
146,2,3,1,3,1,4,1,3,2,3,3,2,4,4,4,3,4,3,4,3,3,4,2,3,4,3,7,7,1,7,1,1,7,1,7,6,5,7,1,1,1,2,4,4,3,2,3,5,5,3,2,2,54,6.625,1,3.142857143,2,2.833333333
147,3,4,3,4,3,1,1,1,1,1,2,1,1,1,1,1,1,1,1,1,1,1,1,1,1,1,1,1,1,1,1,1,1,1,1,1,1,1,1,1,1,1,1,1,1,1,1,1,1,1,6,2,50,1,1,1.047619048,3.4,1
148,2,2,3,2,3,3,3,3,1,2,2,1,2,3,2,2,2,3,2,1,2,2,1,1,1,2,3,5,5,3,5,5,5,5,3,3,5,5,2,2,1,2,2,2,2,3,2,4,4,4,16,1,37,4,5,1.952380952,2.4,2.5
149,3,3,1,4,2,2,1,1,1,1,1,1,1,1,1,1,1,1,1,1,1,1,1,1,1,1,1,1,7,1,7,6,1,7,1,1,1,1,4,1,1,1,1,1,1,1,1,1,1,1,9,1,29,1,6.75,1.047619048,2.6,1.25
150,5,4,5,4,5,4,2,2,1,2,3,2,2,3,2,2,3,3,2,2,2,2,3,1,2,2,5,5,3,5,4,3,6,3,5,3,3,3,2,2,1,3,2,3,3,3,4,4,4,4,13,2,42,4.375,3.25,2.238095238,4.6,2.916666667
151,5,5,6,5,5,3,1,2,1,3,3,1,1,2,2,2,2,2,2,1,2,3,3,1,1,2,5,5,3,5,4,3,5,3,5,5,3,5,1,1,2,4,4,5,5,5,4,4,4,4,12,2,39,4.75,3.25,1.904761905,5.2,3.583333333
152,4,2,5,4,5,1,2,2,1,2,1,2,2,3,2,1,1,1,2,2,1,2,3,1,1,1,5,3,6,5,3,5,3,4,2,5,3,2,4,5,3,2,3,3,4,4,3,2,3,4,13,2,24,3.5,4.5,1.619047619,4,3.333333333
153,4,6,1,6,5,2,1,1,2,1,1,1,2,1,1,3,2,1,2,1,1,1,2,1,1,1,1,1,7,1,7,7,5,7,1,1,1,1,1,1,1,3,1,1,1,1,1,1,4,1,1,2,38,1.5,7,1.380952381,4.4,1.416666667
154,5,4,5,5,5,2,1,2,1,2,2,1,2,2,2,2,2,2,2,2,2,2,2,1,2,2,4,5,4,4,5,5,5,5,4,4,6,4,3,4,3,3,3,3,4,2,2,4,4,4,2,2,43,4.5,4.75,1.80952381,4.8,3.25
155,2,2,2,2,3,2,2,1,2,2,1,2,2,1,1,2,2,2,2,1,1,1,2,2,2,1,2,2,6,2,6,5,3,6,2,2,2,2,1,1,1,2,3,2,4,1,1,1,2,3,20,2,39,2.125,5.75,1.619047619,2.2,1.833333333
156,2,2,2,3,2,2,1,2,1,1,1,1,1,1,1,2,2,2,2,1,2,1,1,1,1,1,4,5,5,5,5,5,2,4,4,2,2,2,2,2,2,2,2,2,2,1,1,1,2,2,18,2,35,3.25,4.75,1.333333333,2.2,1.75
157,1,6,1,2,2,2,1,1,1,1,1,1,1,1,1,1,2,1,1,1,1,1,1,1,1,1,1,2,6,3,5,6,5,5,2,1,2,2,2,2,2,2,2,2,1,1,1,1,1,1,11,1,42,2.25,5.5,1.095238095,2.4,1.5
158,5,5,1,6,5,3,1,3,1,3,2,1,1,2,2,2,3,3,2,1,3,2,2,1,2,2,2,5,2,5,6,3,3,6,2,3,6,2,1,1,1,2,2,2,2,1,1,2,3,2,15,1,49,3.5,4.25,2,4.4,1.666666667
159,2,3,2,5,3,2,2,1,1,2,1,1,1,1,1,2,3,2,2,1,1,1,2,2,1,1,2,5,3,5,5,5,5,3,3,3,2,4,2,1,1,3,2,3,2,4,3,3,1,1,2,2,62,3.625,4,1.476190476,3,2.166666667
160,1,2,2,1,1,3,3,4,3,3,4,4,1,4,4,4,4,4,4,4,3,4,4,4,4,4,4,5,4,2,6,7,7,4,2,7,7,6,4,2,1,2,1,1,1,2,2,4,3,2,17,1,44,5,5.25,3.619047619,1.4,2.083333333
161,5,3,5,3,5,3,3,3,3,3,3,3,3,3,3,2,2,3,2,3,2,3,2,3,3,3,3,3,4,5,6,6,2,2,3,4,5,6,4,3,2,3,4,3,3,3,3,4,4,4,13,1,32,3.875,4.5,2.761904762,4.2,3.333333333
162,1,3,1,3,1,1,1,1,1,1,1,1,1,1,1,1,1,1,1,1,1,1,1,1,1,1,1,1,6,1,7,5,1,5,2,1,1,1,1,1,1,1,1,1,1,1,1,1,2,1,5,2,62,1.125,5.75,1,1.8,1.083333333
163,2,3,2,3,2,3,1,1,1,2,2,1,1,1,2,1,3,1,1,1,2,1,2,1,1,1,4,4,5,3,4,5,4,4,4,3,4,4,3,3,2,3,2,2,2,2,2,2,3,2,8,1,70,3.75,4.5,1.428571429,2.4,2.333333333
164,2,2,2,2,3,2,1,1,1,2,1,1,1,1,1,1,1,1,1,1,1,1,1,1,1,1,4,5,6,3,6,6,4,5,5,5,4,3,1,1,1,3,2,1,1,1,1,1,3,2,18,2,56,4.125,5.75,1.095238095,2.2,1.5
165,2,2,4,1,2,2,1,2,1,3,1,1,1,1,2,2,2,2,1,1,2,1,2,3,1,1,2,2,5,3,5,5,3,5,3,6,2,6,1,1,1,2,2,1,1,1,1,1,1,1,17,1,36,3.375,5,1.571428571,2.2,1.166666667
166,4,4,4,4,4,3,3,4,2,4,2,3,3,3,3,3,3,4,3,3,4,4,3,3,3,4,3,5,3,4,3,4,7,3,5,5,6,5,2,1,1,2,1,1,2,2,1,3,4,3,10,1,37,5,3.25,3.19047619,4,1.916666667
167,2,3,4,3,3,1,1,1,1,2,2,1,1,1,1,2,1,1,2,1,1,1,1,1,1,1,3,1,5,2,6,3,3,5,3,3,1,1,1,1,1,2,2,1,4,2,2,2,2,1,7,1,26,2.125,4.75,1.19047619,3,1.75
168,1,1,1,1,1,2,1,1,1,1,1,1,1,1,1,1,2,1,1,1,1,1,1,1,1,1,1,1,7,1,7,7,3,6,1,1,1,1,1,2,1,3,2,2,1,1,2,1,1,1,4,1,39,1.25,6.75,1.095238095,1,1.5
169,2,2,2,2,2,3,1,2,1,2,2,1,3,2,2,2,3,3,1,1,2,2,2,1,2,1,2,2,5,2,5,5,5,5,3,3,3,3,2,2,2,4,3,3,3,2,2,2,2,2,19,1,33,2.875,5,1.857142857,2,2.416666667
170,3,2,2,3,4,4,1,2,1,3,3,3,3,3,2,2,3,3,2,4,2,3,3,2,3,2,2,4,5,4,4,4,4,4,3,4,6,5,3,1,1,4,4,4,4,4,3,5,4,4,6,2,24,4,4.25,2.571428571,2.8,3.416666667
171,1,2,1,2,1,1,1,1,1,1,1,1,1,1,1,1,1,2,1,1,1,1,1,1,1,1,2,3,5,2,6,5,3,6,2,3,3,3,1,2,1,2,2,2,2,1,1,2,2,2,11,2,27,2.625,5.5,1.047619048,1.4,1.666666667
172,2,2,1,1,2,3,4,2,2,2,1,3,3,4,2,2,2,2,2,1,2,1,2,1,2,2,5,5,5,5,7,5,6,3,3,3,6,6,3,3,2,2,4,3,4,2,3,4,2,4,5,1,31,4.875,5,2.142857143,1.6,3
173,2,3,1,3,1,2,1,1,1,2,1,2,1,1,1,2,2,2,2,1,1,1,1,1,1,1,3,2,6,2,6,7,3,5,2,5,3,3,2,3,1,1,1,1,1,1,1,1,2,1,11,1,39,2.875,6,1.333333333,2,1.333333333
174,1,3,1,3,3,1,1,1,1,1,1,1,1,1,1,1,1,1,1,1,1,1,1,1,1,1,3,3,6,1,7,7,5,7,3,3,3,2,3,1,4,4,1,2,3,1,1,1,1,1,4,1,23,2.875,6.75,1,2.2,1.916666667
175,3,4,4,3,5,4,3,4,3,3,3,2,3,4,4,3,4,4,3,3,4,4,3,3,3,4,6,7,5,5,5,6,5,6,3,6,6,5,2,1,1,3,3,2,3,3,3,4,5,5,8,2,36,5.375,5.5,3.380952381,3.8,2.916666667
176,5,5,4,4,3,3,1,2,2,1,3,3,2,3,2,4,3,3,1,2,2,2,4,3,3,2,5,3,4,4,2,3,6,4,4,6,3,5,4,2,3,3,2,3,4,2,2,3,4,3,5,1,31,4.5,3.25,2.428571429,4.2,2.916666667
177,1,3,1,2,1,2,1,2,1,2,2,1,2,2,3,3,2,3,3,2,2,2,2,2,2,3,2,3,5,3,7,6,5,5,3,4,5,2,1,1,1,2,1,1,2,3,1,3,3,3,3,1,63,3.375,5.75,2.095238095,1.6,1.833333333
178,4,2,2,4,3,1,3,1,1,1,1,1,1,1,1,1,2,1,1,1,1,1,1,1,1,1,5,5,7,6,7,7,5,5,5,4,4,3,1,1,1,4,3,2,4,3,1,2,3,3,13,2,52,4.625,6.5,1.142857143,3,2.333333333
179,4,4,4,3,2,2,2,3,1,2,2,1,2,2,1,1,2,2,1,2,1,2,1,1,1,1,2,2,5,3,6,5,6,5,3,2,2,2,1,1,1,4,2,1,1,1,1,1,1,1,4,1,64,2.75,5.25,1.571428571,3.4,1.333333333
180,4,5,5,4,5,3,1,2,1,2,3,1,2,1,2,2,2,2,3,1,2,1,3,1,2,2,5,5,3,4,3,3,6,4,3,6,4,4,3,3,2,5,3,4,5,4,4,5,4,3,5,2,42,4.625,3.25,1.857142857,4.6,3.75
181,4,2,4,2,5,2,3,3,1,4,2,1,2,3,3,3,2,4,2,2,3,3,3,1,2,4,6,5,4,5,5,5,3,5,6,3,7,6,2,4,4,2,1,2,4,2,1,4,4,4,9,1,22,5.125,4.75,2.523809524,3.4,2.833333333
182,2,3,1,2,2,1,2,1,1,2,1,1,1,1,1,1,1,1,1,1,1,1,1,2,1,1,3,1,5,1,5,6,5,5,3,4,1,3,1,1,1,2,1,1,1,1,1,2,2,1,12,1,55,2.625,5.25,1.142857143,2,1.25
183,2,3,2,3,3,1,1,1,1,2,2,1,1,2,1,2,1,1,1,1,1,1,1,1,1,1,3,3,5,3,5,5,6,5,3,6,3,5,1,1,1,4,2,2,2,2,2,1,1,1,15,1,39,4,5,1.19047619,2.6,1.666666667
184,3,2,1,5,3,3,2,2,1,2,1,3,2,1,2,3,3,3,2,1,1,2,2,1,2,2,3,5,4,5,6,3,4,3,3,6,3,3,1,1,1,2,1,1,1,1,1,1,4,3,5,1,48,4,4,1.952380952,2.8,1.5
185,1,3,1,5,4,1,1,1,1,1,1,1,1,1,1,1,1,1,1,1,1,1,1,1,1,1,2,1,7,3,7,7,1,6,2,2,1,1,1,1,1,1,1,1,1,1,1,1,1,1,5,2,35,1.625,6.75,1,2.8,1
186,3,4,3,4,3,2,1,2,1,3,2,1,3,2,1,2,2,2,2,1,2,1,1,1,1,1,4,4,4,4,4,4,5,4,4,5,4,4,1,1,1,2,2,2,3,2,1,1,2,2,16,1,43,4.25,4,1.619047619,3.4,1.666666667
187,1,6,1,6,1,3,1,1,1,3,2,1,1,1,1,1,2,2,1,1,1,1,1,1,1,1,5,5,4,1,5,5,5,5,1,3,5,4,1,3,1,1,1,1,4,1,4,4,4,3,10,2,37,3.625,4.75,1.333333333,3,2.333333333
188,1,1,1,1,1,3,3,2,1,1,2,3,1,2,2,2,3,2,3,2,2,4,3,1,2,2,6,1,6,5,7,6,3,4,4,1,5,5,1,1,1,3,2,1,1,1,1,1,1,1,17,2,77,3.75,5.75,2.19047619,1,1.25
189,3,3,4,3,4,2,2,2,1,3,2,2,2,2,3,3,3,3,2,2,2,3,2,3,2,3,5,5,3,4,4,4,5,3,5,5,5,5,1,3,1,3,3,2,2,1,1,3,3,3,4,2,27,4.875,3.5,2.333333333,3.4,2.166666667
190,1,3,1,3,2,2,3,1,1,1,1,1,1,1,1,1,1,1,1,1,1,1,1,1,1,1,2,2,6,4,6,6,3,6,3,3,3,2,1,1,1,1,1,1,1,1,1,1,3,3,18,1,45,2.75,6,1.142857143,2,1.333333333
191,1,3,1,3,2,1,1,1,1,1,1,1,1,1,1,1,1,1,1,1,1,1,1,1,1,1,2,1,6,3,5,6,3,5,2,1,1,2,1,1,1,3,1,1,1,1,1,1,1,1,4,1,33,1.875,5.5,1,2,1.166666667
192,3,2,5,2,5,2,3,3,2,3,3,2,4,4,3,3,3,3,3,3,3,2,3,3,2,2,6,6,3,3,6,5,6,5,4,6,5,5,1,1,1,2,2,1,2,1,1,4,5,5,15,2,50,5.125,4.75,2.80952381,3.4,2.166666667
193,2,2,2,2,2,2,2,2,1,2,2,1,1,1,2,2,2,2,2,1,2,2,1,1,1,2,5,3,5,3,5,5,5,3,5,5,3,5,1,2,2,4,2,1,4,2,4,2,4,5,17,1,24,4.25,4.5,1.619047619,2,2.75
194,1,4,1,3,1,1,1,1,1,1,1,1,1,1,1,1,1,1,1,1,1,1,1,1,1,1,3,2,5,2,2,5,5,5,2,2,2,5,1,1,1,3,1,1,1,1,1,1,1,1,7,2,28,2.875,4.25,1,2,1.166666667
195,2,2,4,2,5,2,1,1,1,2,2,1,1,1,2,2,2,2,2,1,2,1,2,1,1,1,3,5,6,5,5,5,6,3,1,2,2,4,2,2,1,4,1,1,1,1,1,1,1,1,21,1,54,3.5,4.75,1.476190476,3,1.416666667
196,3,3,3,3,3,2,2,2,2,2,2,3,2,3,3,2,2,3,2,2,2,3,2,2,3,3,5,5,5,5,5,5,5,4,5,5,5,5,1,2,1,2,2,2,2,2,1,2,3,3,7,1,40,5,4.75,2.333333333,3,1.916666667
197,3,4,3,2,3,1,1,1,1,1,1,1,1,1,1,1,1,1,1,1,1,1,1,1,1,1,2,2,6,4,4,5,4,4,2,2,2,2,3,1,1,2,1,1,1,1,1,1,2,2,6,1,46,2.5,4.75,1,3,1.416666667
198,2,2,5,3,5,4,3,3,4,3,2,3,3,4,3,2,4,3,2,3,4,3,2,3,3,2,6,5,5,6,6,5,3,4,3,5,4,6,5,3,2,3,3,2,NA,2,3,3,4,3,17,1,54,4.75,5,3,3.4,3
199,1,2,1,2,1,1,1,1,1,1,1,1,1,1,1,1,1,1,1,1,1,1,1,1,1,1,1,1,6,2,6,6,1,5,1,1,1,1,1,1,1,3,1,1,1,1,1,1,2,1,18,2,50,1.125,5.75,1,1.4,1.25
200,3,3,4,2,2,4,1,1,1,1,2,1,1,1,1,1,1,2,1,1,1,1,3,2,1,1,5,2,6,1,6,6,5,5,2,2,5,5,1,4,1,1,1,1,1,1,1,1,2,4,12,2,32,3.375,5.75,1.380952381,2.8,1.583333333
201,5,1,3,1,5,4,3,2,4,2,4,3,4,3,4,2,3,4,2,4,3,2,4,3,3,3,5,7,4,5,6,2,6,4,6,6,5,6,2,3,3,3,4,4,3,4,4,5,3,4,2,1,34,5.75,4,3.142857143,3,3.5
202,5,3,4,2,5,3,1,2,1,1,2,1,2,1,2,2,2,2,2,1,3,1,1,1,1,1,4,5,7,5,6,6,6,5,5,4,5,5,2,2,3,3,1,1,2,1,1,1,1,1,4,2,29,4.875,6,1.571428571,3.8,1.583333333
203,3,1,3,1,2,1,1,2,1,3,2,1,1,1,2,2,2,2,2,1,2,2,2,1,1,2,3,2,6,6,6,6,4,6,2,3,4,2,2,1,2,3,2,2,2,1,2,2,2,2,17,1,51,3.25,6,1.619047619,2,1.916666667
204,2,3,3,4,3,2,1,1,2,1,2,2,3,2,1,1,1,1,1,1,1,2,2,2,2,1,5,3,3,3,3,4,4,4,4,3,2,3,1,1,1,2,1,1,1,1,1,2,2,2,9,2,48,3.375,3.5,1.523809524,3,1.333333333
205,1,3,1,3,1,2,1,1,1,2,1,1,1,2,1,2,2,2,1,2,2,1,2,1,1,1,3,5,3,3,5,5,5,5,5,7,3,5,1,1,1,1,1,1,1,1,1,4,1,1,3,1,46,4.5,4.5,1.428571429,1.8,1.25
206,1,4,1,4,2,1,1,1,1,1,1,1,1,1,1,1,1,1,1,1,1,1,1,1,1,1,5,2,5,4,5,5,3,5,3,3,3,3,1,1,1,1,1,1,1,1,1,1,1,1,7,2,66,3.25,5,1,2.4,1
207,4,4,2,4,5,1,2,1,1,3,1,1,1,1,2,1,1,1,2,1,1,1,1,1,1,1,2,2,6,2,6,6,5,6,3,2,1,2,1,1,1,4,2,4,1,1,1,2,3,1,10,1,56,2.375,6,1.238095238,3.8,1.833333333
208,2,3,2,3,2,3,2,2,2,3,3,1,3,3,2,3,3,2,2,2,3,3,3,2,2,2,2,2,6,2,7,6,2,6,2,1,1,2,3,4,2,2,2,2,2,1,1,1,2,1,6,1,32,1.75,6.25,2.428571429,2.4,1.916666667
209,2,3,1,3,3,3,1,1,1,2,2,1,1,1,1,2,2,1,1,1,1,1,1,1,1,1,4,4,4,4,3,4,4,4,4,5,3,4,1,2,2,3,2,2,3,3,2,3,3,3,11,2,24,4,3.75,1.285714286,2.4,2.416666667
210,3,3,3,3,3,3,3,3,2,3,2,2,2,3,2,2,2,2,2,2,3,2,2,2,2,1,3,5,3,5,5,5,5,5,3,5,5,5,1,1,1,2,2,2,2,1,1,3,2,3,17,1,37,4.5,4.5,2.238095238,3,1.75
211,2,4,2,4,2,2,1,1,1,1,1,1,1,1,1,1,1,1,1,1,1,1,1,1,1,1,2,2,5,2,5,5,2,5,2,3,2,2,1,1,1,1,1,1,1,1,1,1,1,1,5,1,26,2.125,5,1.047619048,2.8,1
212,1,1,1,1,1,2,1,1,1,1,2,1,1,1,1,1,2,1,1,1,1,1,1,1,1,2,6,3,6,2,7,6,2,6,1,2,2,6,2,4,4,4,4,4,4,2,2,2,2,2,6,2,33,3,6.25,1.19047619,1,3
213,3,5,4,4,3,3,2,2,2,3,3,2,2,2,2,2,2,1,2,2,3,2,2,3,2,2,3,5,3,4,6,4,3,6,4,3,3,3,3,2,3,4,3,5,5,5,5,3,4,4,9,1,57,3.5,4.75,2.19047619,3.8,3.833333333
214,2,3,1,3,1,2,1,1,1,2,1,1,2,1,1,1,2,1,2,1,1,1,2,1,1,1,5,5,6,2,5,6,2,5,3,2,1,2,1,1,1,2,1,1,1,1,1,2,2,1,11,1,41,2.75,5.5,1.285714286,2,1.25
215,5,5,1,5,1,3,1,2,3,3,3,3,3,3,3,3,3,3,3,3,4,4,3,2,4,3,1,2,4,5,7,7,7,7,3,5,2,1,1,1,1,1,1,1,1,1,1,2,1,1,11,2,30,3.25,6.25,2.952380952,3.4,1.083333333
216,3,3,4,4,5,2,2,2,1,2,1,1,2,3,2,2,2,2,1,1,2,1,2,1,1,1,3,3,5,4,6,6,5,5,3,2,6,3,1,2,2,2,2,2,1,1,2,4,4,3,6,1,32,3.625,5.5,1.619047619,3.8,2.166666667
217,5,5,5,5,5,1,1,1,1,1,1,1,1,1,1,1,1,1,1,1,1,1,1,1,1,1,5,3,5,3,3,5,5,3,4,5,2,5,1,1,1,5,4,4,3,2,4,4,4,2,6,1,42,4,4,1,5,2.916666667
218,5,4,2,5,4,1,2,1,1,2,1,1,2,1,1,1,1,1,1,1,1,1,1,1,1,1,3,5,5,3,5,5,3,5,3,5,3,5,1,1,1,2,2,1,2,1,1,4,4,2,3,1,55,3.75,5,1.142857143,4,1.833333333
219,2,2,1,2,2,1,1,1,1,1,2,1,1,2,1,2,1,2,2,1,1,1,1,1,1,1,5,6,6,2,6,6,5,6,6,7,1,5,1,1,1,4,1,1,1,1,1,3,3,1,5,2,68,4.625,6,1.238095238,1.8,1.583333333
220,5,3,5,4,3,2,2,2,1,2,2,1,3,2,2,3,2,2,2,3,2,2,2,2,3,1,5,5,5,5,5,6,6,7,6,6,3,5,1,4,1,2,2,2,2,2,2,2,2,2,8,2,36,5.125,5.75,2.047619048,4,2
221,5,3,3,4,4,3,2,2,2,4,2,3,3,3,3,2,2,3,2,2,3,3,2,2,3,3,3,5,5,2,5,5,6,3,3,3,6,6,1,1,1,2,1,1,1,1,1,1,4,1,3,2,27,4.25,4.5,2.571428571,3.8,1.333333333
222,2,4,3,3,3,2,4,1,1,2,2,1,1,2,1,1,1,1,1,1,1,1,1,2,1,1,4,3,5,4,5,5,5,5,4,3,3,4,3,3,2,4,3,2,4,3,3,3,4,3,16,2,51,3.75,5,1.380952381,3,3.083333333
223,6,6,6,6,6,2,1,2,1,3,2,2,2,2,3,2,2,3,2,3,3,3,2,2,2,2,6,3,2,6,1,1,6,2,6,6,5,7,4,4,4,4,2,4,2,1,1,5,5,2,1,4,50,5.625,1.5,2.19047619,6,3.166666667
224,4,4,5,5,4,4,3,3,3,3,3,2,3,4,3,3,3,3,3,3,3,3,3,3,3,3,6,6,3,4,4,3,5,5,4,5,5,5,4,4,4,4,4,4,2,4,4,4,4,4,15,2,37,5,3.75,3.047619048,4.4,3.833333333
225,2,3,2,3,2,3,2,1,1,1,1,1,1,1,1,1,1,1,1,1,1,1,1,3,1,1,3,2,5,2,6,5,6,5,2,5,2,2,2,3,1,4,3,2,2,2,2,2,3,3,12,1,48,3,5.25,1.238095238,2.4,2.416666667
226,4,5,4,5,5,2,2,2,2,3,1,2,2,2,3,2,3,4,3,1,3,3,1,2,3,3,2,5,4,5,4,4,5,4,3,4,5,4,1,1,1,2,1,1,1,1,1,4,4,2,5,2,55,4.125,4,2.333333333,4.6,1.666666667
227,2,2,2,2,2,2,1,2,1,2,2,4,2,2,1,1,2,2,2,1,1,1,2,1,2,2,2,3,6,3,6,6,2,6,2,2,2,6,4,2,2,2,2,2,2,2,2,2,2,2,9,2,25,2.75,6,1.714285714,2,2.166666667
228,5,4,3,5,4,4,3,2,3,3,3,2,4,4,3,3,4,3,2,4,3,3,3,4,4,3,6,7,6,2,6,6,5,6,3,7,6,3,2,1,1,1,1,1,4,1,1,4,3,4,4,2,27,4.875,6,3.19047619,4.2,2
229,1,1,2,1,1,2,2,2,1,2,2,1,2,1,2,2,2,2,3,1,2,1,2,2,2,1,2,2,4,2,6,5,2,6,2,2,2,2,1,2,1,3,2,2,3,3,2,3,2,1,15,2,45,2,5.25,1.761904762,1.2,2.083333333
230,1,1,4,2,3,2,3,1,2,2,1,2,2,2,1,2,2,2,1,2,1,1,1,2,1,1,2,2,5,1,6,6,5,6,3,2,1,2,1,2,1,2,1,1,1,1,1,1,2,1,15,2,25,2.25,5.75,1.619047619,2.2,1.25
231,2,3,4,3,3,3,2,3,2,2,3,1,1,2,3,3,3,4,2,3,4,4,4,2,2,3,5,7,4,3,5,5,5,6,5,7,6,3,1,2,1,2,2,4,2,2,1,2,4,4,6,2,27,5.125,5,2.666666667,3,2.25
232,2,2,2,1,2,2,1,1,1,2,1,1,1,1,2,1,1,2,2,1,2,1,2,1,1,1,2,1,6,5,7,7,5,6,2,4,5,2,1,1,1,2,1,1,1,2,1,2,2,2,9,1,67,3.25,6.5,1.333333333,1.8,1.416666667
233,2,5,1,2,1,2,2,3,2,2,2,1,1,1,2,2,2,2,1,1,2,1,1,1,2,2,2,2,7,1,7,6,3,7,1,2,1,1,1,3,1,2,2,1,1,1,1,2,3,3,7,1,59,1.625,6.75,1.666666667,2.2,1.75
234,1,3,1,3,1,3,2,2,1,2,2,1,1,1,1,2,2,2,2,1,1,1,2,1,1,1,2,2,6,2,6,7,2,6,2,2,2,2,2,1,1,3,2,2,2,2,2,3,2,2,10,2,42,2,6.25,1.523809524,1.8,2
235,1,3,4,2,1,2,4,1,1,2,1,1,2,1,1,2,2,1,1,1,1,1,1,1,1,1,2,1,6,1,7,7,6,6,1,2,3,2,4,1,1,4,2,3,4,1,1,1,1,4,18,1,19,2.25,6.5,1.380952381,2.2,2.25
236,4,3,3,5,5,3,3,2,1,1,2,1,2,2,3,2,2,3,2,1,3,3,2,1,1,2,6,6,6,6,6,5,6,3,3,6,6,5,1,1,1,3,2,2,2,2,2,4,4,4,4,1,41,5.5,5,2,4,2.333333333
237,1,2,1,1,1,1,1,1,1,1,1,1,1,1,1,1,1,1,1,1,1,1,1,1,1,1,2,1,7,2,7,6,2,6,3,3,1,2,1,1,1,2,1,2,1,1,1,1,1,1,5,1,68,2,6.5,1,1.2,1.166666667
238,1,3,1,2,1,1,1,1,1,1,1,1,1,1,1,1,1,1,1,1,1,1,1,1,1,1,1,1,6,2,5,5,2,5,1,3,2,2,4,3,3,2,2,2,3,3,2,1,2,2,19,1,46,1.75,5.25,1,1.6,2.416666667
239,3,3,2,3,3,1,1,1,1,2,2,1,2,2,2,2,1,1,2,1,2,1,1,1,2,2,5,5,3,4,4,4,3,4,5,4,4,5,1,1,1,4,2,2,2,2,2,4,4,3,8,1,52,4.375,3.75,1.476190476,2.8,2.333333333
240,2,3,1,3,1,4,4,2,2,2,1,1,2,3,1,2,4,2,2,2,2,2,2,2,2,1,2,1,6,4,6,5,5,5,4,3,5,3,1,1,1,3,1,1,1,1,1,1,3,1,4,2,57,3.375,5.5,2.142857143,2,1.333333333
241,4,5,2,5,5,2,2,1,1,3,1,1,1,1,1,1,1,2,2,1,1,1,2,1,1,2,5,5,2,5,5,5,6,4,2,4,5,5,4,3,2,5,4,3,2,2,3,3,4,4,15,1,48,4.625,4,1.380952381,4.2,3.25
242,3,3,3,2,3,2,2,1,1,2,2,1,1,1,1,1,2,2,1,1,1,1,1,1,1,2,5,3,3,5,3,5,5,3,5,5,3,5,2,1,1,2,2,1,3,1,1,2,4,3,4,1,28,4.5,3.5,1.333333333,2.8,1.916666667
243,2,2,3,3,3,1,1,1,1,1,1,1,1,1,1,1,1,1,1,1,1,1,1,1,1,1,4,3,5,2,6,5,3,3,2,3,3,2,1,1,1,1,1,1,1,1,1,1,3,3,17,1,57,2.75,4.75,1,2.6,1.333333333
244,2,3,3,3,3,2,1,1,1,3,1,1,3,1,1,2,2,1,1,1,1,1,1,3,1,1,3,4,5,3,6,4,5,5,5,3,4,3,1,1,1,4,4,4,2,1,1,3,2,4,14,1,33,3.75,5,1.428571429,2.8,2.333333333
245,5,5,5,6,6,3,1,2,1,3,1,1,2,1,2,3,2,3,4,1,3,2,1,1,1,2,1,1,7,1,7,7,6,7,1,2,2,2,1,2,4,4,2,1,2,1,1,3,2,2,3,1,23,2,7,1.904761905,5.4,2.083333333
246,3,3,4,4,3,2,1,2,1,4,1,1,1,1,3,4,1,2,1,1,2,2,1,1,1,2,3,3,5,3,5,5,3,5,2,3,2,2,1,1,2,1,2,2,1,1,1,3,3,2,14,1,41,2.625,5,1.666666667,3.4,1.666666667
247,2,5,2,5,2,3,2,2,2,3,4,2,3,4,3,3,3,3,3,2,2,2,2,3,2,2,5,6,4,5,4,4,5,4,5,6,6,6,4,4,4,4,4,4,2,4,4,4,4,2,3,1,54,5.5,4,2.619047619,3.2,3.666666667
248,1,5,1,3,2,3,2,4,1,3,2,2,2,1,4,1,3,4,2,1,3,4,1,2,1,4,7,7,3,5,2,5,6,3,5,6,6,6,1,1,1,1,2,1,1,1,1,4,4,2,4,1,51,6,3.25,2.380952381,2.4,1.666666667
249,2,3,2,3,2,2,3,1,1,2,2,1,1,1,1,1,1,1,1,1,1,1,1,2,1,1,1,1,7,1,7,7,5,6,2,2,1,1,2,2,4,4,2,2,5,4,2,2,2,2,23,1,54,1.75,6.75,1.285714286,2.4,2.75
250,4,1,2,2,3,3,2,1,1,3,2,1,1,2,3,1,2,2,1,3,2,2,3,2,2,1,2,6,5,2,7,6,4,5,2,7,6,2,3,2,1,2,5,3,2,4,2,3,3,3,2,2,42,3.875,5.75,1.904761905,2.4,2.75
251,5,3,2,5,2,3,3,3,2,2,2,1,2,2,1,2,3,2,2,2,2,2,2,2,2,2,2,5,5,5,5,5,6,6,5,6,2,5,2,2,2,2,1,1,2,1,1,2,4,4,4,1,21,4.5,5.25,2.095238095,3.4,2
252,3,5,1,5,4,2,1,3,1,3,1,1,2,2,3,3,3,2,3,1,3,3,2,1,1,2,2,3,6,1,7,6,3,6,2,2,1,1,1,1,1,1,1,1,1,1,1,2,4,1,5,1,41,1.875,6.25,2.047619048,3.6,1.333333333
253,2,3,1,3,2,1,1,1,1,1,1,1,1,1,1,1,1,1,1,1,1,1,1,2,1,1,5,2,5,1,5,5,5,5,3,5,2,2,1,2,1,4,1,1,2,1,1,1,1,1,16,2,31,3.125,5,1.047619048,2.2,1.416666667
254,2,2,3,2,1,3,2,2,1,3,2,2,3,3,2,3,3,3,3,4,4,3,3,1,2,2,2,5,6,2,6,6,3,5,3,7,2,6,2,2,1,4,4,3,2,2,4,4,3,3,17,2,28,3.75,5.75,2.571428571,2,2.833333333
255,2,2,1,2,2,2,1,1,1,3,2,1,2,3,1,3,3,2,1,2,1,2,2,1,2,1,2,3,6,5,6,7,5,6,3,1,5,2,1,1,1,2,2,4,1,1,1,2,3,2,22,2,27,3.25,6.25,1.761904762,1.8,1.75
256,3,4,2,3,4,3,2,3,1,2,2,1,2,3,3,3,3,3,3,2,3,1,2,2,2,2,2,3,7,1,7,7,2,7,3,2,2,1,1,2,1,3,2,1,2,2,2,2,2,2,7,1,47,2,7,2.285714286,3.2,1.833333333
257,1,2,1,4,2,1,1,1,1,1,1,1,1,1,1,1,1,1,1,1,1,1,1,1,1,1,3,2,5,2,6,6,5,5,2,2,2,5,3,3,4,4,2,2,2,1,1,1,1,1,4,1,46,2.875,5.5,1,2,2.083333333
258,2,2,2,1,3,2,1,2,1,4,3,1,2,2,4,3,2,3,3,1,3,3,1,1,2,3,2,5,3,3,5,3,5,5,3,3,3,3,4,3,4,4,2,2,3,4,2,2,2,2,4,1,40,3.375,4,2.238095238,2,2.833333333
259,4,5,4,5,4,3,1,3,1,2,2,1,3,2,3,2,2,3,2,1,3,3,2,1,1,2,6,5,5,5,4,5,5,3,5,6,6,5,2,1,1,3,3,2,2,2,2,4,4,4,10,1,36,5.375,4.25,2.047619048,4.4,2.5
260,4,5,4,3,5,4,2,1,1,4,3,1,1,3,2,3,4,3,4,2,3,4,3,1,1,3,5,5,3,2,6,4,5,6,3,3,3,2,4,2,2,5,5,4,4,5,5,4,2,4,1,1,36,3.5,4.75,2.523809524,4.2,3.833333333
261,2,5,2,6,3,4,4,3,1,4,4,3,4,1,3,4,4,4,4,1,3,3,4,1,1,4,5,5,5,3,5,5,5,5,3,5,5,3,2,2,4,4,4,4,4,5,4,3,4,4,7,2,32,4.25,5,3.047619048,3.6,3.666666667
262,2,4,3,4,4,1,2,1,2,2,1,1,1,1,1,2,1,1,1,1,1,1,1,2,1,1,3,5,4,3,6,5,2,4,3,5,3,3,2,1,2,2,2,1,1,1,1,2,2,2,9,1,42,3.375,4.75,1.238095238,3.4,1.583333333
263,2,4,3,4,4,2,2,1,1,2,2,1,1,3,3,2,2,3,1,3,1,4,2,2,2,3,6,7,2,4,6,2,5,5,3,7,5,4,1,1,1,3,3,1,1,2,1,3,4,4,2,1,55,5.125,3.75,2.047619048,3.4,2.083333333
264,1,2,1,2,1,1,1,1,1,1,1,1,1,1,1,2,1,1,2,1,1,1,2,1,1,1,5,1,6,1,6,6,2,6,2,2,2,2,3,2,2,3,2,2,3,1,1,1,1,1,15,1,35,2.125,6,1.142857143,1.4,1.833333333
265,2,6,1,4,1,3,2,3,2,2,2,1,2,3,3,2,3,4,1,2,3,4,1,1,2,3,6,6,2,5,3,2,6,2,6,6,5,6,2,2,1,4,2,1,1,1,1,4,4,2,4,1,45,5.75,2.25,2.333333333,2.8,2.083333333
266,4,4,4,4,4,1,1,1,2,2,2,1,1,1,1,1,1,1,1,1,1,2,2,1,1,1,1,3,4,1,7,6,4,4,4,4,4,5,3,2,1,1,1,1,5,1,3,2,4,4,10,1,45,3.25,5.25,1.238095238,4,2.333333333
267,1,1,1,1,1,1,2,1,1,2,2,1,1,1,2,1,2,2,2,1,1,1,1,1,1,3,5,5,4,3,2,4,3,5,4,6,2,7,2,4,2,3,2,2,2,1,1,1,1,1,23,1,42,4.375,3.75,1.428571429,1,1.833333333
268,2,2,3,2,2,1,1,1,1,2,1,1,1,1,1,2,2,1,1,1,1,1,1,1,1,1,2,2,5,3,6,5,3,6,3,2,3,3,1,1,1,4,4,2,2,1,1,1,1,1,17,1,36,2.625,5.5,1.142857143,2.2,1.666666667
269,2,3,1,3,2,1,1,1,1,1,1,1,1,1,1,1,1,1,1,1,1,1,1,1,1,1,2,2,6,5,6,6,5,6,3,3,3,3,1,1,1,1,1,1,1,1,1,1,1,1,17,1,61,3.25,6,1,2.2,1
270,2,3,5,3,3,2,2,1,3,1,2,1,2,1,2,2,2,1,1,1,1,2,2,2,2,1,3,2,5,3,6,6,4,4,3,3,2,2,1,3,1,NA,4,4,3,1,1,2,4,2,15,1,30,2.75,5.25,1.619047619,3.2,2.363636364
271,1,3,4,3,2,3,2,3,1,2,1,1,2,2,3,3,3,3,3,1,3,3,3,2,1,2,5,6,4,5,4,5,5,3,5,5,5,5,1,1,1,3,1,1,1,1,1,1,4,4,6,1,43,5.125,4,2.238095238,2.6,1.666666667
272,1,1,1,1,1,3,2,2,1,1,2,2,3,3,1,2,2,2,1,3,2,2,1,2,3,2,3,5,6,2,5,6,5,6,3,3,5,3,1,1,1,2,1,1,2,2,1,2,2,2,19,2,38,3.625,5.75,2,1,1.5
273,1,3,5,2,5,3,2,3,2,3,2,1,2,2,2,2,2,3,2,2,3,2,2,1,2,2,5,7,3,5,6,6,7,3,5,5,3,3,1,1,1,2,1,2,2,4,2,4,2,2,7,2,32,5,4.5,2.142857143,3.2,2
274,4,3,4,3,2,2,1,1,1,1,2,1,1,1,1,2,2,1,1,1,1,1,2,2,1,1,2,2,6,2,6,6,3,5,2,3,2,5,2,1,1,2,2,1,1,2,4,4,2,2,17,1,35,2.625,5.75,1.285714286,3.2,2
275,4,5,2,2,5,1,1,2,1,3,2,1,3,1,4,1,1,2,1,1,1,1,1,1,1,2,2,1,6,4,6,6,7,5,5,2,2,3,3,1,1,5,2,1,2,1,1,3,2,5,11,1,18,3.25,5.75,1.523809524,3.6,2.25
276,2,4,3,4,3,2,2,3,1,3,1,1,1,2,2,1,2,2,2,1,2,1,1,1,1,1,3,3,5,3,3,4,2,5,4,3,3,3,2,2,2,2,2,2,2,2,2,2,2,2,16,1,37,3,4.25,1.571428571,3.2,2
277,2,3,2,4,3,2,2,1,1,1,2,1,3,2,2,3,3,2,2,1,1,2,2,1,1,2,2,2,6,3,6,6,3,6,2,3,3,2,1,1,2,2,2,2,2,3,2,3,3,1,18,1,45,2.5,6,1.761904762,2.8,2
278,4,4,4,4,4,2,3,3,2,3,3,1,1,2,3,3,3,4,4,2,3,3,4,2,1,3,5,6,5,3,5,5,5,5,5,5,6,5,1,1,1,2,2,2,3,2,2,4,4,4,5,2,47,5,5,2.619047619,4,2.333333333
279,1,3,1,2,1,1,1,1,1,2,1,1,1,1,1,1,1,1,1,1,1,1,1,1,1,1,5,1,5,1,5,5,1,4,3,3,1,4,1,1,1,2,1,1,1,1,1,2,3,1,13,1,62,2.375,4.75,1.047619048,1.6,1.333333333
280,2,3,3,3,2,2,2,1,1,3,2,1,2,2,1,2,2,1,2,1,2,2,2,1,1,1,2,3,5,3,6,5,3,5,3,4,4,3,1,1,1,3,1,1,1,1,1,1,2,1,4,2,45,3.125,5.25,1.619047619,2.6,1.25
281,2,2,1,3,4,3,4,2,1,2,3,3,3,2,2,2,3,1,1,1,2,1,1,2,1,1,3,5,5,6,5,6,5,5,6,6,6,5,2,2,1,2,4,4,4,1,4,2,4,1,4,2,28,5.25,5.25,1.952380952,2.4,2.583333333
282,1,1,2,2,1,2,1,1,1,1,2,1,1,1,1,2,2,1,1,1,1,1,2,1,1,1,3,1,1,3,5,6,5,5,2,1,1,3,1,1,1,2,3,2,3,1,1,1,1,1,16,2,46,2.375,4.25,1.238095238,1.4,1.5
283,2,3,2,3,2,2,1,1,2,2,2,1,2,1,1,1,2,1,1,1,1,1,2,2,1,1,4,5,3,3,5,6,3,5,3,3,3,5,1,1,1,4,1,1,1,1,1,2,2,2,13,2,30,3.625,4.75,1.380952381,2.4,1.5
284,4,4,4,4,4,2,1,1,1,4,2,1,2,2,2,1,1,2,1,3,1,2,2,1,1,2,5,7,5,3,5,5,5,5,3,2,5,3,1,1,1,4,4,2,2,4,2,3,3,4,4,1,22,4.125,5,1.666666667,4,2.583333333
285,1,2,1,2,1,1,1,2,3,1,1,2,2,1,1,2,1,1,2,1,2,1,1,1,1,1,1,1,6,1,6,6,6,1,1,5,1,1,1,1,1,1,1,1,1,1,1,1,1,1,12,1,24,2.125,4.75,1.380952381,1.4,1
286,1,6,1,2,1,2,2,3,3,3,1,1,1,1,4,3,3,2,3,1,1,1,3,1,1,2,6,6,5,1,7,6,7,7,1,3,1,3,1,1,1,4,1,4,5,1,2,4,1,1,10,1,29,3.5,6.25,2,2.2,2.166666667
287,1,1,1,1,1,2,1,1,1,3,1,1,2,1,1,2,2,1,1,2,1,1,1,1,1,1,1,1,7,1,7,7,1,7,3,1,2,3,2,1,1,5,4,5,2,5,4,1,1,2,15,1,23,1.625,7,1.333333333,1,2.75
288,1,3,1,3,4,1,1,1,1,2,1,1,1,1,1,1,1,1,2,1,1,1,2,1,1,1,5,5,4,2,6,7,2,6,2,1,6,2,4,2,2,3,4,1,1,1,1,1,1,1,8,1,53,3.125,5.75,1.142857143,2.4,1.833333333
289,2,4,4,3,2,3,1,1,1,2,1,1,1,2,2,1,2,2,1,1,1,1,1,1,1,2,3,5,1,3,2,2,5,1,5,7,3,5,1,1,1,3,1,1,2,1,1,4,4,1,12,1,39,4.5,1.5,1.380952381,3,1.75
290,4,6,2,5,4,2,1,3,1,4,2,1,1,2,4,1,2,2,2,1,3,4,2,1,1,4,5,3,7,4,5,7,5,5,5,5,5,5,2,1,1,2,1,1,2,3,3,4,4,3,3,1,63,4.625,6,2.095238095,4.2,2.25
291,1,2,1,2,1,2,1,1,1,1,1,1,1,1,1,2,2,1,1,1,1,1,1,1,1,1,2,1,6,1,6,6,5,5,3,2,1,1,4,4,3,2,1,1,1,1,1,1,1,1,21,1,46,2,5.75,1.142857143,1.4,1.75
292,3,4,4,4,4,2,1,2,1,2,2,1,2,3,3,2,3,3,2,2,3,3,2,1,2,3,2,5,5,1,7,5,5,5,5,6,6,2,1,1,1,2,2,2,2,2,2,4,4,2,5,1,35,4,5.5,2.142857143,3.8,2.083333333
293,5,4,5,4,4,2,1,3,1,2,3,2,3,4,3,3,3,2,4,1,2,2,3,1,1,2,5,6,3,5,3,4,6,3,5,6,7,6,1,1,1,4,4,4,2,2,5,4,5,4,13,1,35,5.75,3.25,2.285714286,4.4,3.083333333
294,5,3,5,1,6,4,4,3,3,3,3,4,3,4,4,3,3,3,4,3,3,3,2,2,3,4,7,6,6,5,5,6,6,6,4,5,6,6,4,5,4,4,4,3,4,4,5,4,5,5,10,1,25,5.625,5.75,3.238095238,4,4.25
295,4,5,4,5,1,3,1,1,1,2,1,1,1,1,2,2,1,2,1,1,1,2,1,1,1,3,6,6,4,2,7,4,6,3,2,6,3,3,1,1,1,1,1,1,3,1,3,4,4,3,2,1,58,4.25,4.5,1.428571429,3.8,2
296,4,3,3,3,3,2,2,2,1,2,3,2,2,3,3,2,3,2,2,3,2,2,2,1,2,1,3,3,4,4,3,5,4,4,5,4,4,4,3,4,4,4,4,3,4,3,3,3,2,1,8,1,34,3.875,4,2.095238095,3.2,3.166666667
297,4,2,4,2,4,1,1,1,1,1,1,1,1,1,1,1,1,1,1,1,1,1,1,1,1,1,2,2,5,5,7,3,6,7,1,5,2,1,2,1,2,4,4,4,4,1,1,4,4,4,6,1,61,3,5.5,1,3.2,2.916666667
298,4,2,4,3,4,3,2,3,2,2,3,2,2,2,3,2,3,2,2,2,2,2,3,2,3,3,3,5,3,4,5,4,3,4,3,5,3,3,2,3,2,3,3,2,3,3,3,3,3,3,8,1,51,3.625,4,2.380952381,3.4,2.75
299,5,3,3,4,4,3,2,4,2,4,4,2,4,3,4,4,4,4,4,4,3,3,4,2,3,3,3,7,3,5,4,4,7,3,5,3,6,6,1,1,1,4,2,1,1,2,1,4,4,4,1,1,48,5.25,3.5,3.333333333,3.8,2.166666667
300,1,2,1,2,1,1,1,1,1,1,1,1,1,1,1,1,1,1,1,1,1,1,1,1,1,1,1,1,7,1,7,7,3,7,2,1,1,1,5,4,4,4,2,2,2,4,2,1,1,1,11,1,51,1.375,7,1,1.4,2.666666667
301,2,2,2,2,1,3,3,1,4,3,2,1,3,3,2,3,2,2,1,3,3,1,1,4,2,3,1,2,4,6,7,6,2,3,6,2,5,6,4,2,1,3,4,2,1,1,1,3,3,1,23,1,37,3.75,5,2.380952381,1.8,2.166666667
302,3,3,3,4,3,2,3,1,2,2,1,1,1,1,1,1,1,2,1,1,1,1,1,1,1,1,4,5,4,5,6,6,6,4,2,7,4,5,1,1,1,3,3,4,3,1,1,3,4,4,5,1,43,4.75,5,1.285714286,3.2,2.416666667
303,2,2,1,3,2,1,2,2,1,2,2,2,2,1,1,3,1,2,3,1,1,1,2,2,1,1,3,2,6,1,7,7,5,6,2,2,2,2,4,4,5,4,3,3,4,1,3,3,3,1,11,1,49,2.375,6.5,1.619047619,2,3.166666667
304,2,3,1,3,1,2,3,2,1,3,2,3,2,1,2,2,1,3,2,2,2,2,2,2,1,2,5,5,6,2,6,5,3,5,3,5,5,3,2,2,1,4,2,2,4,1,2,2,2,1,11,1,22,3.875,5.5,2,2,2.083333333
305,5,3,4,4,5,2,4,2,1,1,2,1,1,2,1,2,2,1,1,1,3,2,1,1,2,1,5,4,5,3,6,5,5,4,4,4,5,4,1,1,1,4,4,1,2,1,1,3,4,2,6,1,33,4.25,5,1.619047619,4.2,2.083333333
306,2,3,2,2,1,2,1,1,1,2,1,2,1,1,1,1,2,1,2,1,1,1,1,1,1,1,3,2,6,2,6,6,5,6,1,2,2,3,1,1,1,4,1,1,3,1,1,1,1,1,16,1,54,2.5,6,1.238095238,2,1.416666667
307,3,4,1,4,1,2,1,1,1,1,1,1,1,1,1,1,3,3,2,1,2,1,1,1,1,1,6,4,5,4,4,5,6,4,6,4,3,4,1,1,1,3,1,1,1,1,1,1,3,1,2,1,23,4.625,4.5,1.333333333,2.6,1.333333333
308,1,2,1,2,1,4,4,3,3,1,3,1,2,3,2,2,4,4,1,1,1,2,2,3,3,1,1,1,5,2,6,5,1,7,2,1,1,1,1,1,1,1,1,1,1,1,1,1,1,1,12,2,26,1.25,5.75,2.380952381,1.4,1
309,5,4,5,4,5,3,3,3,3,2,2,2,2,3,3,2,3,3,3,2,4,4,2,2,3,4,6,6,6,3,6,6,5,5,6,6,6,6,4,4,4,4,3,2,3,4,2,4,4,4,2,1,48,5.5,5.75,2.761904762,4.6,3.5
310,4,3,4,3,4,1,1,3,1,1,2,1,1,1,1,2,3,2,3,1,3,1,2,3,1,1,5,5,6,5,5,7,3,5,6,6,5,3,4,4,2,3,3,3,4,2,2,3,3,2,9,1,26,4.75,5.75,1.666666667,3.6,2.916666667
311,2,2,4,2,2,1,1,1,1,2,1,1,1,1,1,1,1,1,1,1,1,1,2,1,1,1,1,1,7,1,7,7,3,7,1,1,1,1,1,1,1,1,1,1,1,1,1,1,1,1,4,2,24,1.25,7,1.095238095,2.4,1
